{
  "hitspeed": {
    "sounds": [
      "hitspeed1",
      "hitspeed2",
      "hitspeed3"
    ],
    "category": "player"
  },
  "greenlanternon": {
    "sounds": [
      "greenlanternon"
    ],
    "category": "player"
  },
  "greenlanternoff": {
    "sounds": [
      "greenlanternoff"
    ],
    "category": "player"
  },
  "chargelightning": {
    "sounds": [
      "chargelightning"
    ],
    "category": "player"
  },
  "flash": {
    "sounds": [
      "flash1",
      "flash2",
      "flash3",
      "flash4",
      "flash5"
    ],
    "category": "player"
  },
  "reverserun": {
    "sounds": [
      "reverserun1",
      "reverserun2",
      "reverserun3"
    ],
    "category": "player"
  },
  "reverse": {
    "sounds": [
      "reverse1",
      "reverse2",
      "reverse3"
    ],
    "category": "player"
  },
  "reverseoff": {
    "sounds": [
      "reverseoff1",
      "reverseoff2"
    ],
    "category": "player"
  },
  "flashrun": {
    "sounds": [
      "flashrun1",
      "flashrun2",
      "flashrun3"
    ],
    "category": "player"
  },
  "flashoff": {
    "sounds": [
      "flashoff1",
      "flashoff2",
      "flashoff3"
    ],
    "category": "player"
  },
  "handhit": {
    "sounds": [
      "handhit"
    ],
    "category": "player"
  },
  "handon": {
    "sounds": [
      "handon"
    ],
    "category": "player"
  },
  "handoff": {
    "sounds": [
      "handoff"
    ],
    "category": "player"
  },
  "phase": {
    "sounds": [
      "phase"
    ],
    "category": "player"
  },
  "phasereverse": {
    "sounds": [
      "phasereverse"
    ],
    "category": "player"
  }
}